Workbook

Sheet Read Me
A1: Requirements Traceability Matrix — ChurnGuard R1
A3: Document ID: RTM-CG-001 | Version 1.0 | Owner: Shubham Tiwari, Senior Business Analyst
A4: Project: ChurnGuard — churn-risk detection and retention workflow, B2B SaaS for e-commerce sellers
A6: Purpose
A7: Proves that every business requirement is realised in a functional requirement, specified in the FSD,
A8: built from a user story, tested, accepted in UAT and signed off. Read left to right for forward
A9: traceability; filter any column to trace backwards from a test or a story to its business driver.
A11: Sheets
A12: RTM — one row per functional requirement, with its full trace chain.
A13: Coverage Summary — live formulas counting requirements, test coverage and pass rate per business requirement.
A15: Source documents
A16: BRD-CG-001 Business Requirements Document (BR IDs)
... A31: and metrics are illustrative and anonymised.

Sheet RTM
A1: BR ID | B1: Business Requirement | C1: Priority | D1: FR ID | E1: Functional Requirement | F1: FSD Ref | G1: User Story | H1: Test Case ID | I1: Test Type | J1: SIT Status | K1: UAT Scenario | L1: UAT Status | M1: Defect Ref | N1: Status
A2: BR-01 | B2: Single, consistently calculated churn-risk score per high-value account, refreshed daily | C2: Must | D2: FR-011 | E2: Calculate composite score as weighted sum of five sub-scores, 0-100 | F2: FSD 3.1 | G2: US-03 | H2: TC-001 | I2: Functional | J2: Pass | K2: UAT-01 | L2: Pass | N2: =IF(AND(LEFT(J2,4)="Pass",LEFT(L2,4)="Pass"),"Closed","Open") -> Closed
A3: BR-01 | B3: Single, consistently calculated churn-risk score per high-value account, refreshed daily | C3: Must | D3: FR-014 | E3: Complete a full scoring cycle daily within the batch window | F3: FSD 2 | G3: US-01 | H3: TC-002 | I3: Functional / Performance | J3: Pass | K3: UAT-01 | L3: Pass | N3: =IF(AND(LEFT(J3,4)="Pass",LEFT(L3,4)="Pass"),"Closed","Open") -> Closed
A4: BR-01 | B4: Single, consistently calculated churn-risk score per high-value account, refreshed daily | C4: Must | D4: FR-015 | E4: Allow on-demand rescore of a single account | F4: FSD 5.1 | G4: US-15 | H4: TC-003 | I4: Functional | J4: Pass | K4: UAT-07 | L4: Pass | N4: =IF(AND(LEFT(J4,4)="Pass",LEFT(L4,4)="Pass"),"Closed","Open") -> Closed
A5: BR-02 | B5: Score derived from five weighted signals: usage, marketplace health, support, commercial, engagement | C5: Must | D5: FR-001 | E5: Retrieve product usage metrics, 30d and 90d windows | F5: FSD 3.2 | G5: US-02 | H5: TC-004 | I5: Interface | J5: Pass | K5: UAT-02 | L5: Pass | N5: =IF(AND(LEFT(J5,4)="Pass",LEFT(L5,4)="Pass"),"Closed","Open") -> Closed
A6: BR-02 | B6: Score derived from five weighted signals: usage, marketplace health, support, commercial, engagement | C6: Must | D6: FR-002 | E6: Retrieve marketplace connector health and store performance | F6: FSD 3.3 | G6: US-02 | H6: TC-005 | I6: Interface | J6: Pass | K6: UAT-02 | L6: Pass | N6: =IF(AND(LEFT(J6,4)="Pass",LEFT(L6,4)="Pass"),"Closed","Open") -> Closed
A7: BR-02 | B7: Score derived from five weighted signals: usage, marketplace health, support, commercial, engagement | C7: Must | D7: FR-003 | E7: Retrieve support metrics: volume, priority, SLA breaches, reopens, CSAT | F7: FSD 3.4 | G7: US-02 | H7: TC-006 | I7: Interface | J7: Pass | K7: UAT-02 | L7: Pass | N7: =IF(AND(LEFT(J7,4)="Pass",LEFT(L7,4)="Pass"),"Closed","Open") -> Closed
A8: BR-02 | B8: Score derived from five weighted signals: usage, marketplace health, support, commercial, engagement | C8: Must | D8: FR-004 | E8: Retrieve commercial data: plan, seats, failed payments, invoice ageing, renewal | F8: FSD 3.5 | G8: US-02 | H8: TC-007 | I8: Interface | J8: Pass | K8: UAT-02 | L8: Pass | N8: =IF(AND(LEFT(J8,4)="Pass",LEFT(L8,4)="Pass"),"Closed","Open") -> Closed
A9: BR-02 | B9: Score derived from five weighted signals: usage, marketplace health, support, commercial, engagement | C9: Must | D9: FR-005 | E9: Retrieve engagement data: last activity, QBR attendance, champion status, response rate | F9: FSD 3.6 | G9: US-02 | H9: TC-008 | I9: Interface | J9: Pass | K9: UAT-02 | L9: Pass | N9: =IF(AND(LEFT(J9,4)="Pass",LEFT(L9,4)="Pass"),"Closed","Open") -> Closed
A10: BR-02 | B10: Score derived from five weighted signals: usage, marketplace health, support, commercial, engagement | C10: Must | D10: FR-010 | E10: Calculate a 0-100 sub-score per signal using the banded rules | F10: FSD 3.2-3.6 | G10: US-02 | H10: TC-009; TC-010 | I10: Functional / Data reconciliation | J10: Pass | K10: UAT-02 | L10: Pass | N10: =IF(AND(LEFT(J10,4)="Pass",LEFT(L10,4)="Pass"),"Closed","Open") -> Closed
A11: BR-03 | B11: Accounts classified into agreed risk tiers; tier movement detected and retained | C11: Must | D11: FR-016 | E11: Assign risk tier from composite using configured boundaries | F11: FSD 3.7 | G11: US-03 | H11: TC-011 | I11: Functional | J11: Pass | K11: UAT-03 | L11: Pass | N11: =IF(AND(LEFT(J11,4)="Pass",LEFT(L11,4)="Pass"),"Closed","Open") -> Closed
A12: BR-03 | B12: Accounts classified into agreed risk tiers; tier movement detected and retained | C12: Must | D12: FR-017 | E12: Compare new tier with previous and classify the movement | F12: FSD 3.7 | G12: US-04 | H12: TC-012 | I12: Functional | J12: Pass | K12: UAT-03 | L12: Pass | N12: =IF(AND(LEFT(J12,4)="Pass",LEFT(L12,4)="Pass"),"Closed","Open") -> Closed
A13: BR-03 | B13: Accounts classified into agreed risk tiers; tier movement detected and retained | C13: Must | D13: FR-018 | E13: Apply configurable hysteresis buffer at each tier boundary | F13: FSD 3.7 | G13: US-04 | H13: TC-013; TC-014 | I13: Functional / Boundary | J13: Pass | K13: UAT-03 | L13: Pass | N13: =IF(AND(LEFT(J13,4)="Pass",LEFT(L13,4)="Pass"),"Closed","Open") -> Closed
... A39: BR-08 | B39: Leadership dashboard: tier mix, ARR at risk, SLA compliance, save rate | C39: Must | D39: FR-046 | E39: Refresh daily after the cycle and display the last refresh timestamp | F39: FSD 5.3 | G39: US-20 | H39: TC-040 | I39: Functional | J39: Pass | K39: UAT-09 | L39: Pass | N39: =IF(AND(LEFT(J39,4)="Pass",LEFT(L39,4)="Pass"),"Closed","Open") -> Closed
A40: BR-08 | B40: Leadership dashboard: tier mix, ARR at risk, SLA compliance, save rate | C40: Must | D40: FR-047 | E40: Export the current dashboard view subject to access rights | F40: FSD 5.3 | G40: US-21 | H40: TC-041 | I40: Functional | J40: Pass | K40: UAT-09 | L40: Pass with S4 open | M40: CG-121 | N40: =IF(AND(LEFT(J40,4)="Pass",LEFT(L40,4)="Pass"),"Closed","Open") -> Closed
A41: BR-09 | B41: Score history retained 13 months for trend analysis and model tuning | C41: Must | D41: FR-019 | E41: Write a dated score-history record every cycle | F41: FSD 4.1 | G41: US-05 | H41: TC-042 | I41: Functional | J41: Pass | K41: UAT-12 | L41: Pass | N41: =IF(AND(LEFT(J41,4)="Pass",LEFT(L41,4)="Pass"),"Closed","Open") -> Closed
A42: BR-09 | B42: Score history retained 13 months for trend analysis and model tuning | C42: Must | D42: FR-020 | E42: Retain 13 months and archive rather than delete | F42: FSD 4.1 | G42: US-05 | H42: TC-043 | I42: Inspection | J42: Pass | K42: UAT-12 | L42: Pass | N42: =IF(AND(LEFT(J42,4)="Pass",LEFT(L42,4)="Pass"),"Closed","Open") -> Closed
A43: BR-09 | B43: Score history retained 13 months for trend analysis and model tuning | C43: Must | D43: FR-033 | E43: Display a 90-day score trend on the risk panel | F43: FSD 5.1 | G43: US-15 | H43: TC-044 | I43: Functional / Usability | J43: Pass | K43: UAT-07 | L43: Pass with S4 open | M43: CG-118 | N43: =IF(AND(LEFT(J43,4)="Pass",LEFT(L43,4)="Pass"),"Closed","Open") -> Closed
A44: BR-10 | B44: Weights, thresholds and SLAs adjustable by a business administrator without a code release | C44: Must | D44: FR-048 | E44: Maintain signal weights; reject any set not totalling 100% | F44: FSD 6 (V-01) | G44: US-23 | H44: TC-045 | I44: Functional / Negative | J44: Pass | K44: UAT-10 | L44: Pass | N44: =IF(AND(LEFT(J44,4)="Pass",LEFT(L44,4)="Pass"),"Closed","Open") -> Closed
A45: BR-10 | B45: Weights, thresholds and SLAs adjustable by a business administrator without a code release | C45: Must | D45: FR-049 | E45: Maintain tier boundaries, hysteresis and SLA durations | F45: FSD 6 (V-02) | G45: US-23 | H45: TC-046 | I45: Functional / Negative | J45: Pass | K45: UAT-10 | L45: Pass | N45: =IF(AND(LEFT(J45,4)="Pass",LEFT(L45,4)="Pass"),"Closed","Open") -> Closed
A46: BR-10 | B46: Weights, thresholds and SLAs adjustable by a business administrator without a code release | C46: Must | D46: FR-050 | E46: Maintain driver-to-playbook mapping and closure reason list | F46: FSD 4.5 | G46: US-23 | H46: TC-047 | I46: Functional | J46: Pass | K46: UAT-10 | L46: Pass | N46: =IF(AND(LEFT(J46,4)="Pass",LEFT(L46,4)="Pass"),"Closed","Open") -> Closed
A47: BR-10 | B47: Weights, thresholds and SLAs adjustable by a business administrator without a code release | C47: Must | D47: FR-051 | E47: Version every configuration change; apply forward only | F47: FSD 4.5 | G47: US-23; US-25 | H47: TC-048 | I47: Functional / Audit | J47: Pass | K47: UAT-10 | L47: Pass | N47: =IF(AND(LEFT(J47,4)="Pass",LEFT(L47,4)="Pass"),"Closed","Open") -> Closed
A48: BR-10 | B48: Weights, thresholds and SLAs adjustable by a business administrator without a code release | C48: Must | D48: FR-052 | E48: Preview proposed configuration impact without saving | F48: FSD 5.4 | G48: US-23 | H48: TC-049 | I48: Functional | J48: Pass | K48: UAT-10 | L48: Pass | N48: =IF(AND(LEFT(J48,4)="Pass",LEFT(L48,4)="Pass"),"Closed","Open") -> Closed
A49: BR-11 | B49: Scoring suppressed and flagged where source data is stale or incomplete | C49: Must | D49: FR-006 | E49: Resolve every source record to one Account ID; log exceptions | F49: FSD 2 | G49: US-06 | H49: TC-050 | I49: Functional / Negative | J49: Pass | K49: UAT-04 | L49: Pass | N49: =IF(AND(LEFT(J49,4)="Pass",LEFT(L49,4)="Pass"),"Closed","Open") -> Closed
A50: BR-11 | B50: Scoring suppressed and flagged where source data is stale or incomplete | C50: Must | D50: FR-007 | E50: Mark a signal Insufficient Data on stale feed or >20% nulls | F50: FSD 2 | G50: US-06 | H50: TC-051 | I50: Functional / Negative | J50: Pass | K50: UAT-04 | L50: Pass | N50: =IF(AND(LEFT(J50,4)="Pass",LEFT(L50,4)="Pass"),"Closed","Open") -> Closed
A51: BR-11 | B51: Scoring suppressed and flagged where source data is stale or incomplete | C51: Must | D51: FR-008 | E51: Suppress scoring where two or more signals are insufficient | F51: FSD 6 (V-08) | G51: US-07 | H51: TC-052 | I51: Functional / Negative | J51: Pass | K51: UAT-04 | L51: Pass | N51: =IF(AND(LEFT(J51,4)="Pass",LEFT(L51,4)="Pass"),"Closed","Open") -> Closed
A52: BR-11 | B52: Scoring suppressed and flagged where source data is stale or incomplete | C52: Must | D52: FR-009 | E52: Redistribute weight where exactly one signal is insufficient | F52: FSD 6 (V-07) | G52: US-07 | H52: TC-053 | I52: Functional | J52: Pass | K52: UAT-04 | L52: Pass | N52: =IF(AND(LEFT(J52,4)="Pass",LEFT(L52,4)="Pass"),"Closed","Open") -> Closed
A53: BR-11 | B53: Scoring suppressed and flagged where source data is stale or incomplete | C53: Must | D53: FR-034 | E53: Display data-quality status and unavailable signals on the panel | F53: FSD 5.1 | G53: US-07; US-15 | H53: TC-054 | I53: Functional / Usability | J53: Pass | K53: UAT-04 | L53: Pass | N53: =IF(AND(LEFT(J53,4)="Pass",LEFT(L53,4)="Pass"),"Closed","Open") -> Closed
A54: BR-12 | B54: Access follows the CRM role model; all changes auditable | C54: Must | D54: FR-056 | E54: Restrict risk data visibility to the defined role matrix | F54: FSD 7 | G54: US-25 | H54: TC-055 | I54: Security | J54: Pass | K54: UAT-12 | L54: Pass | N54: =IF(AND(LEFT(J54,4)="Pass",LEFT(L54,4)="Pass"),"Closed","Open") -> Closed
A55: BR-12 | B55: Access follows the CRM role model; all changes auditable | C55: Must | D55: FR-057 | E55: Write an immutable audit entry for every controlled change | F55: FSD 7 | G55: US-25 | H55: TC-056; TC-057 | I55: Security / Audit | J55: Pass | K55: UAT-12 | L55: Pass | N55: =IF(AND(LEFT(J55,4)="Pass",LEFT(L55,4)="Pass"),"Closed","Open") -> Closed
... A61: BR-14 | B61: Predicted risk comparable against actual renewal outcome | C61: Should | D61: FR-045 | E61: Report opening-tier cohort against final outcome | F61: FSD 5.3 | G61: US-22 | H61: TC-063 | I61: Functional / Reconciliation | J61: Pass | K61: UAT-09 | L61: Pass | N61: =IF(AND(LEFT(J61,4)="Pass",LEFT(L61,4)="Pass"),"Closed","Open") -> Closed

Sheet Coverage Summary
A1: Requirements coverage summary — ChurnGuard R1
A2: All figures are live formulas over the RTM sheet. A business requirement with zero test cases would show 0% and fail exit criterion X-7.
A4: BR ID | B4: Business Requirement | C4: Priority | D4: FRs mapped | E4: With test case | F4: SIT passed | G4: UAT passed | H4: UAT coverage % | I4: Exit criterion X-7
A5: BR-01 | B5: Single, consistently calculated churn-risk score per high-value account, refreshed daily | C5: Must | D5: =COUNTIF(RTM!$A$2:$A$61,$A5) -> 3 | E5: =COUNTIFS(RTM!$A$2:$A$61,$A5,RTM!$H$2:$H$61,"<>") -> 3 | F5: =COUNTIFS(RTM!$A$2:$A$61,$A5,RTM!$J$2:$J$61,"Pass*") -> 3 | G5: =COUNTIFS(RTM!$A$2:$A$61,$A5,RTM!$L$2:$L$61,"Pass*") -> 3 | H5: =IF($D5=0,0,$G5/$D5) -> 1 | I5: =IF(AND($D5=$E5,$E5=$G5),"Met","Not met") -> Met
A6: BR-02 | B6: Score derived from five weighted signals: usage, marketplace health, support, commercial, engagement | C6: Must | D6: =COUNTIF(RTM!$A$2:$A$61,$A6) -> 6 | E6: =COUNTIFS(RTM!$A$2:$A$61,$A6,RTM!$H$2:$H$61,"<>") -> 6 | F6: =COUNTIFS(RTM!$A$2:$A$61,$A6,RTM!$J$2:$J$61,"Pass*") -> 6 | G6: =COUNTIFS(RTM!$A$2:$A$61,$A6,RTM!$L$2:$L$61,"Pass*") -> 6 | H6: =IF($D6=0,0,$G6/$D6) -> 1 | I6: =IF(AND($D6=$E6,$E6=$G6),"Met","Not met") -> Met
A7: BR-03 | B7: Accounts classified into agreed risk tiers; tier movement detected and retained | C7: Must | D7: =COUNTIF(RTM!$A$2:$A$61,$A7) -> 3 | E7: =COUNTIFS(RTM!$A$2:$A$61,$A7,RTM!$H$2:$H$61,"<>") -> 3 | F7: =COUNTIFS(RTM!$A$2:$A$61,$A7,RTM!$J$2:$J$61,"Pass*") -> 3 | G7: =COUNTIFS(RTM!$A$2:$A$61,$A7,RTM!$L$2:$L$61,"Pass*") -> 3 | H7: =IF($D7=0,0,$G7/$D7) -> 1 | I7: =IF(AND($D7=$E7,$E7=$G7),"Met","Not met") -> Met
A8: BR-04 | B8: Owning CSM alerted automatically on escalation, with an SLA-bound due date | C8: Must | D8: =COUNTIF(RTM!$A$2:$A$61,$A8) -> 9 | E8: =COUNTIFS(RTM!$A$2:$A$61,$A8,RTM!$H$2:$H$61,"<>") -> 9 | F8: =COUNTIFS(RTM!$A$2:$A$61,$A8,RTM!$J$2:$J$61,"Pass*") -> 9 | G8: =COUNTIFS(RTM!$A$2:$A$61,$A8,RTM!$L$2:$L$61,"Pass*") -> 9 | H8: =IF($D8=0,0,$G8/$D8) -> 1 | I8: =IF(AND($D8=$E8,$E8=$G8),"Met","Not met") -> Met
A9: BR-05 | B9: Each alert carries a retention playbook selected from the dominant risk driver | C9: Must | D9: =COUNTIF(RTM!$A$2:$A$61,$A9) -> 2 | E9: =COUNTIFS(RTM!$A$2:$A$61,$A9,RTM!$H$2:$H$61,"<>") -> 2 | F9: =COUNTIFS(RTM!$A$2:$A$61,$A9,RTM!$J$2:$J$61,"Pass*") -> 2 | G9: =COUNTIFS(RTM!$A$2:$A$61,$A9,RTM!$L$2:$L$61,"Pass*") -> 2 | H9: =IF($D9=0,0,$G9/$D9) -> 1 | I9: =IF(AND($D9=$E9,$E9=$G9),"Met","Not met") -> Met
A10: BR-06 | B10: CSM can see which signals drove the score, with underlying values and comparison period | C10: Must | D10: =COUNTIF(RTM!$A$2:$A$61,$A10) -> 3 | E10: =COUNTIFS(RTM!$A$2:$A$61,$A10,RTM!$H$2:$H$61,"<>") -> 3 | F10: =COUNTIFS(RTM!$A$2:$A$61,$A10,RTM!$J$2:$J$61,"Pass*") -> 3 | G10: =COUNTIFS(RTM!$A$2:$A$61,$A10,RTM!$L$2:$L$61,"Pass*") -> 3 | H10: =IF($D10=0,0,$G10/$D10) -> 1 | I10: =IF(AND($D10=$E10,$E10=$G10),"Met","Not met") -> Met
A11: BR-07 | B11: Every intervention recorded as a structured retention case closed with an outcome | C11: Must | D11: =COUNTIF(RTM!$A$2:$A$61,$A11) -> 7 | E11: =COUNTIFS(RTM!$A$2:$A$61,$A11,RTM!$H$2:$H$61,"<>") -> 7 | F11: =COUNTIFS(RTM!$A$2:$A$61,$A11,RTM!$J$2:$J$61,"Pass*") -> 7 | G11: =COUNTIFS(RTM!$A$2:$A$61,$A11,RTM!$L$2:$L$61,"Pass*") -> 7 | H11: =IF($D11=0,0,$G11/$D11) -> 1 | I11: =IF(AND($D11=$E11,$E11=$G11),"Met","Not met") -> Met
A12: BR-08 | B12: Leadership dashboard: tier mix, ARR at risk, SLA compliance, save rate | C12: Must | D12: =COUNTIF(RTM!$A$2:$A$61,$A12) -> 6 | E12: =COUNTIFS(RTM!$A$2:$A$61,$A12,RTM!$H$2:$H$61,"<>") -> 6 | F12: =COUNTIFS(RTM!$A$2:$A$61,$A12,RTM!$J$2:$J$61,"Pass*") -> 6 | G12: =COUNTIFS(RTM!$A$2:$A$61,$A12,RTM!$L$2:$L$61,"Pass*") -> 6 | H12: =IF($D12=0,0,$G12/$D12) -> 1 | I12: =IF(AND($D12=$E12,$E12=$G12),"Met","Not met") -> Met
A13: BR-09 | B13: Score history retained 13 months for trend analysis and model tuning | C13: Must | D13: =COUNTIF(RTM!$A$2:$A$61,$A13) -> 3 | E13: =COUNTIFS(RTM!$A$2:$A$61,$A13,RTM!$H$2:$H$61,"<>") -> 3 | F13: =COUNTIFS(RTM!$A$2:$A$61,$A13,RTM!$J$2:$J$61,"Pass*") -> 3 | G13: =COUNTIFS(RTM!$A$2:$A$61,$A13,RTM!$L$2:$L$61,"Pass*") -> 3 | H13: =IF($D13=0,0,$G13/$D13) -> 1 | I13: =IF(AND($D13=$E13,$E13=$G13),"Met","Not met") -> Met
A14: BR-10 | B14: Weights, thresholds and SLAs adjustable by a business administrator without a code release | C14: Must | D14: =COUNTIF(RTM!$A$2:$A$61,$A14) -> 5 | E14: =COUNTIFS(RTM!$A$2:$A$61,$A14,RTM!$H$2:$H$61,"<>") -> 5 | F14: =COUNTIFS(RTM!$A$2:$A$61,$A14,RTM!$J$2:$J$61,"Pass*") -> 5 | G14: =COUNTIFS(RTM!$A$2:$A$61,$A14,RTM!$L$2:$L$61,"Pass*") -> 5 | H14: =IF($D14=0,0,$G14/$D14) -> 1 | I14: =IF(AND($D14=$E14,$E14=$G14),"Met","Not met") -> Met
A15: BR-11 | B15: Scoring suppressed and flagged where source data is stale or incomplete | C15: Must | D15: =COUNTIF(RTM!$A$2:$A$61,$A15) -> 5 | E15: =COUNTIFS(RTM!$A$2:$A$61,$A15,RTM!$H$2:$H$61,"<>") -> 5 | F15: =COUNTIFS(RTM!$A$2:$A$61,$A15,RTM!$J$2:$J$61,"Pass*") -> 5 | G15: =COUNTIFS(RTM!$A$2:$A$61,$A15,RTM!$L$2:$L$61,"Pass*") -> 5 | H15: =IF($D15=0,0,$G15/$D15) -> 1 | I15: =IF(AND($D15=$E15,$E15=$G15),"Met","Not met") -> Met
A16: BR-12 | B16: Access follows the CRM role model; all changes auditable | C16: Must | D16: =COUNTIF(RTM!$A$2:$A$61,$A16) -> 3 | E16: =COUNTIFS(RTM!$A$2:$A$61,$A16,RTM!$H$2:$H$61,"<>") -> 3 | F16: =COUNTIFS(RTM!$A$2:$A$61,$A16,RTM!$J$2:$J$61,"Pass*") -> 3 | G16: =COUNTIFS(RTM!$A$2:$A$61,$A16,RTM!$L$2:$L$61,"Pass*") -> 3 | H16: =IF($D16=0,0,$G16/$D16) -> 1 | I16: =IF(AND($D16=$E16,$E16=$G16),"Met","Not met") -> Met
... A18: BR-14 | B18: Predicted risk comparable against actual renewal outcome | C18: Should | D18: =COUNTIF(RTM!$A$2:$A$61,$A18) -> 2 | E18: =COUNTIFS(RTM!$A$2:$A$61,$A18,RTM!$H$2:$H$61,"<>") -> 2 | F18: =COUNTIFS(RTM!$A$2:$A$61,$A18,RTM!$J$2:$J$61,"Pass*") -> 2 | G18: =COUNTIFS(RTM!$A$2:$A$61,$A18,RTM!$L$2:$L$61,"Pass*") -> 2 | H18: =IF($D18=0,0,$G18/$D18) -> 1 | I18: =IF(AND($D18=$E18,$E18=$G18),"Met","Not met") -> Met
B19: Total — Release 1 | D19: =SUM(D5:D18) -> 60 | E19: =SUM(E5:E18) -> 60 | F19: =SUM(F5:F18) -> 60 | G19: =SUM(G5:G18) -> 60 | H19: =IF($D19=0,0,$G19/$D19) -> 1 | I19: =IF(AND($D19=$E19,$E19=$G19),"Met","Not met") -> Met
A21: Assumptions and sources
A22: • Counts are derived from the RTM sheet only; nothing on this sheet is typed in by hand.
A23: • 'Pass*' matches both 'Pass' and 'Pass with S4 open', per the UAT exit criteria: S4 defects may remain open with an agreed owner and date.
A24: • Requirement rows and statuses were supplied by the project's SIT and UAT evidence packs (UAT-CG-001, sections 6 and 10).
A25: • BR-15 is not listed: deferred to Release 2 and therefore out of R1 coverage.
